content,image_url,source_url,link
"Learn how to improve your marketing ‚Äî for free.Get theweekly newsletterkeeping thousands of marketers in the loop.Loved by marketers at""My favorite marketing newsletter I‚Äôm subscribed to.‚Äù‚Äî Faith Storey, Freelance Marketer",https://cdn.prod.website-files.com/62b35b7d81be197b4ed2ee6c/62b35b8081be1929cdd2ee85_Exit%20Icon.svg,https://www.marketermilk.com/blog/n8n-alternatives,
Learn how to improve your marketing ‚Äî for free.Get theweekly newsletterkeeping thousands of marketers in the loop.,,https://www.marketermilk.com/blog/n8n-alternatives,
Loved by marketers at,https://cdn.prod.website-files.com/6243c3bb3b5a1807353d0c7a/629a848a4822d8205115d8c4_5ef0afbf686f2c75e616a987_1280px-Webflow_logo.svg.png,https://www.marketermilk.com/blog/n8n-alternatives,
Loved by marketers at,,https://www.marketermilk.com/blog/n8n-alternatives,
"""My favorite marketing newsletter I‚Äôm subscribed to.‚Äù‚Äî Faith Storey, Freelance Marketer",,https://www.marketermilk.com/blog/n8n-alternatives,
"""My favorite marketing newsletter I‚Äôm subscribed to.‚Äù",,https://www.marketermilk.com/blog/n8n-alternatives,
"‚Äî Faith Storey, Freelance Marketer",,https://www.marketermilk.com/blog/n8n-alternatives,
FeedServicesSaaS SEO agencyContent marketing courseTopicsBlogAboutJoin free,https://cdn.prod.website-files.com/6243c3bb3b5a1807353d0c7a/6571d967d801c269a239e2d6_marketer-milk.svg,https://www.marketermilk.com/blog/n8n-alternatives,/
ServicesSaaS SEO agencyContent marketing course,,https://www.marketermilk.com/blog/n8n-alternatives,/saas-seo-agency
Services,,https://www.marketermilk.com/blog/n8n-alternatives,
"‚Üê All posts7 n8n alternatives and competitors I'm using in 2025Looking for the best n8n alternative, that isn't an article from a competitor? Here are my favorite alternatives to n8n that I'm personally using.Post byOmid G|July 6, 2025AI agents seem to be all the craze now, huh?It‚Äôs incredible how fast this space is growing. From YouTubers teaching you how to sell AI to businesses, to Shopify's CEO demanding all employees to use AI before they think about hiring anyone new.And while n8n is a leading tool in this space, you‚Äôre most likely reading this because you‚Äôre looking for a great n8n alternative. And maybe not even great, butbetter.Don‚Äôt get me wrong, n8n is great and has a lot of technical use cases tobuild AI agents from scratch. But that‚Äôs exactly what it is: technical. It‚Äôs not the most intuitive when it comes to UI and getting started with.I‚Äôve been using and testing a bunch of differentAI agent platformsand automation tools for the past couple of years. And I‚Äôve put together a list of the ones I believe are specifically the best alternatives to n8n.But before we jump into the best alternatives, let‚Äôs first go over what you should be looking for when you‚Äôre window-shopping (it can get crazy out there).What to look for in an n8n alternative?When looking for an alternative to n8n, it‚Äôs important to know how to evaluate the other tools out there. Maybe you want to find an alternative simply because of the price. Or maybe it‚Äôs the UI. Whatever it is, you want to make sure that just because some alternatives look pretty, it doesn‚Äôt mean they have the functionality you need.Here are a few things you should consider when looking for an n8n alternative:How easy it is to use:n8n is powerful but can feel a bit technical, especially if you're not used to flow-based builders. A good alternative should let you build fast without needing a CS degree.Integrated LLM features:If you want to connect GPT-style models or automate AI tasks (like summarizing, generating copy, etc.), look for tools that support this out of the box, not just API integration workarounds.Templates or prebuilt flows:Look for workflow automation platforms that give you a head start with templates for sales, content, ops, recruiting, etc.Visual workflow builder:One of n8n‚Äôs best features is its visual builder. Alternatives should let you clearly see and edit your logic without digging through tabs or nested menus.Integrations (and how they‚Äôre handled):It‚Äôs not just about the number of integrations, but also how deep they go. Can you do advanced stuff with Gmail? Does it support pagination in API calls? OAuth? Webhooks?Error handling + debugging:Can you easily see where a workflow failed and why? Debugging matters more than people think, especially once workflow automations are live and running.Team features & scalability:If you're working with a team, look for role-based permissions, audit logs, shared folders, and scalability. Some tools are solo-operator friendly, others are better for teams.Hosted vs. self-hosted:n8n has a big draw in being self-hostable. If that‚Äôs a dealbreaker for you, make sure the alternative either supports it or has good privacy + compliance standards.Pricing at scale:Some platforms get really expensive fast. Make sure to check task limits and pricing tiers if you plan to run a lot of flows.While we can get into all the nitty-gritty of other things to look out for, these are the core ones. I went through some of my favorite n8n alternatives that cover these. So I‚Äôm going to stop rambling and let‚Äôs just get to it.Editor's note:Not every n8n alternative will tick all these boxes, so it really depends on what you need. I included a mix of tools below that range from AI-first assistants to visual builders that feel like upgraded versions of Zapier.7 best n8n alternatives and competitors in 2025Here are my top picks for the best n8n alternatives:Gumloop(best for LLM automations)Lindy(best for email automations)‚ÄçRelay(best for simple automations)‚ÄçZapier(best for API automations)‚ÄçIFTTT(best for personal automations)‚ÄçMake(best for smaller budgets)‚Äç‚ÄçIntegrately(best for ecommerce automations)Alright, let‚Äôs check out each of these.1.GumloopBest for:Connecting LLMs to your tech stackPricing:Includes a free plan, then $97/month (20% off with code MARKETERMILK)First up is one of my favorite AI automation tools right now ‚Äî Gumloop. It‚Äôs like giving your existing tools the power to automate any task by integrating it with an LLM (think ChatGPT, Grok, Claude, or whatever).It‚Äôs especially useful if you‚Äôre running a startup or a lean team. You don‚Äôt need an engineer every time you want to connect two tools or automate a process. Gumloop lets you string together actions using prebuilt templates or build your own flows from scratch. You can use it to build scrapers, automate content, handle internal ops, or even power your sales and recruiting workflows.Comparing it to n8n, I¬†would says that n8n leans more on the custom code side of things (with lots of custom logic), while Gumloop is leaning heavily on MCP (Model Context Protocol) and making it easier for non-developers to gain AI¬†capabilities.Pros and cons of GumloopHere are some of the pros and cons I‚Äôve found with Gumloop:Pros:Integrates with any LLM model (without the need for you to connect an account or API keys).Makes it super easy to create web scraping automations (what initially attracted me to it).Includes lots of pre‚Äìbuilt templates, but you can also ask Gummie (their in-product AI copilot) to help you build any flow.Secure and scalable for larger teams and enterprises.Clean user interface in an AI native platform.It has a Slack community where users can ask questions and get feedback quickly (with enterprise support).Cons:It‚Äôs still a relatively new tool, so there might be some UI quirks or bugs.Not super cheap for freelancers or solopreneurs.Might require some trial and error when creating complex workflows.If you want to dive deeper into the pros and cons of Gumloop (and how it compares to n8n), you can check out thisGumloop vs n8narticle I wrote.Gumloop ratings and reviewsI already wrote aGumloop review. But here is what other users rate the platform:Product Hunt:5/5 star rating (from+6 reviews)There‚Äôs an AI for that:5/5 star rating (from+1 review)Gumloop did not pay me to mention them, I¬†personally use them and they gave me a coupon code for my readers: 20% off with code MARKETERMILK.2.LindyBest for:Email automations for sales teamsPricing:Includes a free plan, then starts at $49.99/monthSimilar to Gumloop, Lindy is like having your own AI executive assistant. It‚Äôs designed to handle tasks across your calendar, email, docs, and even apps like Notion or Salesforce.Instead of setting up triggers and actions like Zapier or n8n (which you can still do), you just tell Lindy what you want done. For example: ‚ÄúSchedule a meeting with John next week and send him the doc we discussed.‚Äù Lindy will actually do it. Just like Gumloop, the idea is that you talk to it like a teammate, and it figures out how to get things done behind the scenes.The agent builder also allows you now to tell it what you need, and it will build the workflow or simply execute it. But you can still set up your workflows manually as well.Overall, theproduct is still very new (as with most in this space), but the vision is super promising.Pros and cons of LindyHere are some of the pros and cons I‚Äôve found with Lindy:Pros:Natural language commands make it feel like a real assistant.Can handle multi-step tasks across apps without complex setup.Great UI. Clean, fast, and feels like the future.Constantly improving with new features and integrations (+7000 integrations).Cons:You‚Äôll need to trust it with access to your email, calendar, and other tools.Works best with clear instructions. It‚Äôs smart, but not magic (yet).Lindy ratings and reviewsHere‚Äôs what customers or Lindy rate the platform on third-party review sites:G2:4.8/5 star rating (from+48 review)Capterra:3.5/5 star rating (from+2 reviews)3.RelayBest for:Creating simple automations for your teamPricing:Includes a free plan, then starts at $23.75/monthRelay is another automation tool, but it has such a clean drag-and-drop interface that it feels like a mix between Notion and Zapier. Instead of just setting up triggers and actions, you create relays ‚Äî shared workflows that teammates can follow, collaborate on, and run together.It‚Äôs really good if you have recurring processes (like onboarding, weekly reporting, or campaign launches) that involve more than one person. You can assign steps, add approvals, loop in stakeholders, and even automate parts of the flow with AI or integrations.It feels less like a ‚Äúbot builder‚Äù and more like a modern command center for creating AI agents across your tech stack.Pros and cons of RelayHere are some of the pros and cons I‚Äôve found with Relay:Pros:Built for teams. Great for async workflows and collaborative processes.Mixes manual steps (like approvals) with automated ones.Clean, modern UI that‚Äôs easy to use and onboard others.Includes AI features and integrates with tools like Slack, Notion, Google Sheets, and more.Cons:Not as flexible for deep custom automations (like scrapers or external API chaining).Still an early product, so the number of integrations is limited compared to Zapier or Make.Works best when everyone on the team is using it. Less useful for solo workflows.Naming your workflows ‚Äúrelays‚Äù takes a second to get used to üòÖRelay ratings and reviewsHere‚Äôs what customers or Relay rate the AI¬†workflow automation platform on third-party review sites:G2:4.9/5 star rating (from+65 reviews)Capterra:5/5 star rating (from+1 review)4.IFTTTBest for:Personal automations (if this, then that)Pricing:Has a free plan, paid plans start at $2.99/monthIFTTT (short for If This Then That) is the first automation tool I learned about. It‚Äôs like a barebones version of Zapier. It‚Äôs been around forever and was originally built more for personal use, like ‚Äúif I post on Instagram, then save the photo to Dropbox.‚ÄùOver the years, it‚Äôs expanded a bit into business and productivity automations, but it still feels more like a consumer tool. But if you‚Äôre looking for basic app-to-app connections or smart home automations, IFTTT is one of the easiest tools to use.It‚Äôs probably not the best fit for complex workflows or scaling businesses, but if you want to quickly connect two services for personal use, it gets the job done.Pros and cons of IFTTTHere are some of the pros and cons I‚Äôve found with IFTTT:Pros:Super simple to use, great if you‚Äôre new to automation.Has a mobile app that makes setting up automations quick and easy.Works well for connecting personal tools and smart devices.One of the most affordable options out there.Cons:It can be limited when it comes to advanced logic, branching, or multi-step flows.Smaller library of integrations compared to Zapier or n8n.Not ideal for business use or complex team workflows.UI feels dated and hasn‚Äôt evolved much in recent years.IFTTT ratings and reviewsHere‚Äôs what customers or IFTTT rate the platform on third-party review sites:G2:4.6/5 star rating (from+111 reviews)Capterra:4.6/5 star rating (from+218 reviews)5.ZapierBest for:Automating between software APIs (connect software together)Pricing:Includes a free plan, then starts at $29.99/monthZapier is the OG when it comes to no-code automation. It‚Äôs probably the first tool you heard about if you ever googled ‚Äúhow to automate [literally anything].‚ÄùYou can use it to connect pretty much any two tools on the internet ‚Äî from Slack and Google Sheets to Salesforce and HubSpot. It doesn‚Äôt have the same AI-native approach as tools like Gumloop or n8n, but if you just need to move data sources between apps or trigger workflows on certain events, Zapier‚Äôs solid.It‚Äôs especially useful if you‚Äôre looking for stability and a huge list of integrations. And because it‚Äôs been around forever, there‚Äôs a ton of community tutorials and support out there.It‚Äôs a great tool, and I‚Äôve been paying for my subscription for well over three years now. It‚Äôs safe to say Zapier has made a lot of money off of me.Pros and cons of ZapierHere are the pros and cons of using Zapier:Pros:Integrates with basically everything (6,000+ apps and counting).Tons of step-by-step templates to help you get started fast.Great for solo founders, marketers, and ops teams.Battle-tested and reliable for mission-critical workflows.Cons:Can get expensive fast if you‚Äôre running multiple Zaps with lots of tasks.The UI feels a little dated and slow compared to newer tools.Doesn‚Äôt natively support complex logic or AI-driven flows (unless you do some heavy workaround stuff).Sometimes breaks silently, and it‚Äôs not always clear why a Zap didn‚Äôt run.Zapier ratings and reviewsHere‚Äôs what customers or Zapier rate the platform on third-party review sites:G2:4.5/5 star rating (from+1,341 reviews)Capterra:4.7/5 star rating (from+2,984 reviews)6.MakeBest for:Small startups with small budgetsPricing:Includes free plan, then starts at $10.59/monthMake (formerly Integromat) is what you get when Zapier and a flowchart have a baby. It gives you a super visual way to build automations, where you can drag, drop, and connect tools together in a kind of mind map view.Compared to Zapier or IFTTT, Make is a lot more customizable. You can add filters, conditional logic, error handling, and even run scripts if you want. It‚Äôs great if you‚Äôre a power user or want more control over complex workflows, especially for admin tasks, data syncing, or multi-step processes.That said, the learning curve is a bit steeper. But once you get the hang of it, Make can do some seriously powerful stuff.Pros and cons of MakeHere are some of the pros and cons I‚Äôve found with Make:Pros:The visual editor makes it easy to understand and debug complex workflows.Supports advanced logic, routers, and multiple branching paths.Cheaper than Zapier for higher task volume.Great for ops, devs, and technical marketers.Cons:Steeper learning curve compared to tools like Zapier or IFTTT.Some parts of the UI feel a little clunky or overwhelming at first.Might be overkill if you just need simple workflow automations.Requires a bit more time and setup to get right.Make ratings and reviewsHere‚Äôs what customers or Make rate the platform on third-party review sites:G2:4.7/5 star rating (from+231 reviews)Capterra:4.8/5 star rating (from+396 reviews)7.IntegratelyBest for:Creating ecommerce automationsPricing:Includes a free plan, then starts at $29.99/monthIntegrately is kind of like Zapier‚Äôs more affordable sibling, but with a bigger focus on ecommerce workflows. The main pitch is that you can set up workflow automations in just one click thanks to its massive library of pre-made workflows.So instead of building something from scratch, you just search for the two tools you want to connect (like ‚ÄúShopify + Airtable‚Äù), and chances are there‚Äôs already a handful of automation templates ready to go.It‚Äôs super beginner-friendly and works well if you want to quickly connect apps without dealing with conditional logic, routers, or flowcharts.Pros and cons of IntegratelyPros:Huge library of 1-click automation templates.Much cheaper than Zapier at higher task volumes.Great for non-technical users or those new to automation.Clean UI and easy setup process.Cons:Not as flexible for advanced or multi-step workflows.Limited support for complex conditions or error handling.Smaller integration ecosystem than Zapier or Make.Some automations can feel a bit rigid without much customization.Integrately ratings and reviewsHere‚Äôs what customers or Integrately rate the platform on third-party review sites:G2:4.7/5 star rating (from+671 reviews)Capterra:4.1/5 star rating (from+319 reviews)Is there a free alternative to n8n?Yes, there are several free alternatives to n8n that have powerful automation features without the steep learning curve. Tools like Zapier, Make, and Integrately all have free plans, but they tend to come with task limits or fewer features unless you upgrade.However, one of the most exciting (and free-to-start) options right now is Gumloop. It‚Äôs built for tech-enabled teams that want to connect large language models (like ChatGPT) to their workflows ‚Äî without needing a developer. With Gumloop, you can automate internal tasks, scrape web data, create content workflows, and more, all using a visual builder and AI-powered chatbot to guide you through each workflow setup.So if you're looking for a free alternative to n8n that‚Äôs actually built for 2025 and beyond, Gumloop is definitely worth checking out. And no, they didn‚Äôt pay me to say that, I just personally use it and only like recommending tools I actually use.Happy automating!Stay up to date with the latest marketing news, resources, and guides.Get theweekly newsletterkeeping thousands of marketers in the loop.No spam, unsubscribe any time. By subscribing youagree to ourTerms.Loved by marketers at""My favorite marketing newsletter I‚Äôm subscribed to.‚Äù‚Äî Faith Storey, Growth Manager @ Contrarian ThinkingDisclosure:Some of the links in this article may be affiliate links, which can provide compensation to Marketer Milk at no cost to you if you decide to purchase a paid plan. This site is not intended to provide financial advice and is for entertainment only. You can read our affiliate disclosure in ourdisclaimers.Hi, I‚Äôm Omid! A marketer, writer, no-code enthusiast, and founder of Marketer Milk! Previously, I worked at a marketing agency in Los Angeles,CA, and later led SEO and content marketing at Webflow in¬†San Francisco, CA. Nice to meet ya!Related articlesStack AI review: My honest thoughts about this AI builderPeec AI review: My honest thoughts about this AI tracker10 best AI monitoring tools for SEO teams in 2025Keep up with marketing trendsGet theweekly newsletterkeeping +25,000 marketers in the loop.Unsubscribe any time, no hard feelings.Loved by marketers at""My favorite marketing newsletter I‚Äôm subscribed to.‚Äù‚Äî Faith Storey, Growth Manager @ Contrarian Thinking",https://cdn.prod.website-files.com/6243c3bb3b5a1852803d0c7f/65584a89d343e063ecb617b8_omid-ghiam.jpeg,https://www.marketermilk.com/blog/n8n-alternatives,/blog
"‚Üê All posts7 n8n alternatives and competitors I'm using in 2025Looking for the best n8n alternative, that isn't an article from a competitor? Here are my favorite alternatives to n8n that I'm personally using.Post byOmid G|July 6, 2025",https://cdn.prod.website-files.com/6243c3bb3b5a1852803d0c7f/65584a89d343e063ecb617b8_omid-ghiam.jpeg,https://www.marketermilk.com/blog/n8n-alternatives,/blog
‚Üê All posts,,https://www.marketermilk.com/blog/n8n-alternatives,/blog
"Post byOmid G|July 6, 2025",https://cdn.prod.website-files.com/6243c3bb3b5a1852803d0c7f/65584a89d343e063ecb617b8_omid-ghiam.jpeg,https://www.marketermilk.com/blog/n8n-alternatives,https://www.marketermilk.com/author/omid-ghiam
Post by,,https://www.marketermilk.com/blog/n8n-alternatives,
Omid G,,https://www.marketermilk.com/blog/n8n-alternatives,
"July 6, 2025",,https://www.marketermilk.com/blog/n8n-alternatives,
"AI agents seem to be all the craze now, huh?It‚Äôs incredible how fast this space is growing. From YouTubers teaching you how to sell AI to businesses, to Shopify's CEO demanding all employees to use AI before they think about hiring anyone new.And while n8n is a leading tool in this space, you‚Äôre most likely reading this because you‚Äôre looking for a great n8n alternative. And maybe not even great, butbetter.Don‚Äôt get me wrong, n8n is great and has a lot of technical use cases tobuild AI agents from scratch. But that‚Äôs exactly what it is: technical. It‚Äôs not the most intuitive when it comes to UI and getting started with.I‚Äôve been using and testing a bunch of differentAI agent platformsand automation tools for the past couple of years. And I‚Äôve put together a list of the ones I believe are specifically the best alternatives to n8n.But before we jump into the best alternatives, let‚Äôs first go over what you should be looking for when you‚Äôre window-shopping (it can get crazy out there).What to look for in an n8n alternative?When looking for an alternative to n8n, it‚Äôs important to know how to evaluate the other tools out there. Maybe you want to find an alternative simply because of the price. Or maybe it‚Äôs the UI. Whatever it is, you want to make sure that just because some alternatives look pretty, it doesn‚Äôt mean they have the functionality you need.Here are a few things you should consider when looking for an n8n alternative:How easy it is to use:n8n is powerful but can feel a bit technical, especially if you're not used to flow-based builders. A good alternative should let you build fast without needing a CS degree.Integrated LLM features:If you want to connect GPT-style models or automate AI tasks (like summarizing, generating copy, etc.), look for tools that support this out of the box, not just API integration workarounds.Templates or prebuilt flows:Look for workflow automation platforms that give you a head start with templates for sales, content, ops, recruiting, etc.Visual workflow builder:One of n8n‚Äôs best features is its visual builder. Alternatives should let you clearly see and edit your logic without digging through tabs or nested menus.Integrations (and how they‚Äôre handled):It‚Äôs not just about the number of integrations, but also how deep they go. Can you do advanced stuff with Gmail? Does it support pagination in API calls? OAuth? Webhooks?Error handling + debugging:Can you easily see where a workflow failed and why? Debugging matters more than people think, especially once workflow automations are live and running.Team features & scalability:If you're working with a team, look for role-based permissions, audit logs, shared folders, and scalability. Some tools are solo-operator friendly, others are better for teams.Hosted vs. self-hosted:n8n has a big draw in being self-hostable. If that‚Äôs a dealbreaker for you, make sure the alternative either supports it or has good privacy + compliance standards.Pricing at scale:Some platforms get really expensive fast. Make sure to check task limits and pricing tiers if you plan to run a lot of flows.While we can get into all the nitty-gritty of other things to look out for, these are the core ones. I went through some of my favorite n8n alternatives that cover these. So I‚Äôm going to stop rambling and let‚Äôs just get to it.Editor's note:Not every n8n alternative will tick all these boxes, so it really depends on what you need. I included a mix of tools below that range from AI-first assistants to visual builders that feel like upgraded versions of Zapier.7 best n8n alternatives and competitors in 2025Here are my top picks for the best n8n alternatives:Gumloop(best for LLM automations)Lindy(best for email automations)‚ÄçRelay(best for simple automations)‚ÄçZapier(best for API automations)‚ÄçIFTTT(best for personal automations)‚ÄçMake(best for smaller budgets)‚Äç‚ÄçIntegrately(best for ecommerce automations)Alright, let‚Äôs check out each of these.1.GumloopBest for:Connecting LLMs to your tech stackPricing:Includes a free plan, then $97/month (20% off with code MARKETERMILK)First up is one of my favorite AI automation tools right now ‚Äî Gumloop. It‚Äôs like giving your existing tools the power to automate any task by integrating it with an LLM (think ChatGPT, Grok, Claude, or whatever).It‚Äôs especially useful if you‚Äôre running a startup or a lean team. You don‚Äôt need an engineer every time you want to connect two tools or automate a process. Gumloop lets you string together actions using prebuilt templates or build your own flows from scratch. You can use it to build scrapers, automate content, handle internal ops, or even power your sales and recruiting workflows.Comparing it to n8n, I¬†would says that n8n leans more on the custom code side of things (with lots of custom logic), while Gumloop is leaning heavily on MCP (Model Context Protocol) and making it easier for non-developers to gain AI¬†capabilities.Pros and cons of GumloopHere are some of the pros and cons I‚Äôve found with Gumloop:Pros:Integrates with any LLM model (without the need for you to connect an account or API keys).Makes it super easy to create web scraping automations (what initially attracted me to it).Includes lots of pre‚Äìbuilt templates, but you can also ask Gummie (their in-product AI copilot) to help you build any flow.Secure and scalable for larger teams and enterprises.Clean user interface in an AI native platform.It has a Slack community where users can ask questions and get feedback quickly (with enterprise support).Cons:It‚Äôs still a relatively new tool, so there might be some UI quirks or bugs.Not super cheap for freelancers or solopreneurs.Might require some trial and error when creating complex workflows.If you want to dive deeper into the pros and cons of Gumloop (and how it compares to n8n), you can check out thisGumloop vs n8narticle I wrote.Gumloop ratings and reviewsI already wrote aGumloop review. But here is what other users rate the platform:Product Hunt:5/5 star rating (from+6 reviews)There‚Äôs an AI for that:5/5 star rating (from+1 review)Gumloop did not pay me to mention them, I¬†personally use them and they gave me a coupon code for my readers: 20% off with code MARKETERMILK.2.LindyBest for:Email automations for sales teamsPricing:Includes a free plan, then starts at $49.99/monthSimilar to Gumloop, Lindy is like having your own AI executive assistant. It‚Äôs designed to handle tasks across your calendar, email, docs, and even apps like Notion or Salesforce.Instead of setting up triggers and actions like Zapier or n8n (which you can still do), you just tell Lindy what you want done. For example: ‚ÄúSchedule a meeting with John next week and send him the doc we discussed.‚Äù Lindy will actually do it. Just like Gumloop, the idea is that you talk to it like a teammate, and it figures out how to get things done behind the scenes.The agent builder also allows you now to tell it what you need, and it will build the workflow or simply execute it. But you can still set up your workflows manually as well.Overall, theproduct is still very new (as with most in this space), but the vision is super promising.Pros and cons of LindyHere are some of the pros and cons I‚Äôve found with Lindy:Pros:Natural language commands make it feel like a real assistant.Can handle multi-step tasks across apps without complex setup.Great UI. Clean, fast, and feels like the future.Constantly improving with new features and integrations (+7000 integrations).Cons:You‚Äôll need to trust it with access to your email, calendar, and other tools.Works best with clear instructions. It‚Äôs smart, but not magic (yet).Lindy ratings and reviewsHere‚Äôs what customers or Lindy rate the platform on third-party review sites:G2:4.8/5 star rating (from+48 review)Capterra:3.5/5 star rating (from+2 reviews)3.RelayBest for:Creating simple automations for your teamPricing:Includes a free plan, then starts at $23.75/monthRelay is another automation tool, but it has such a clean drag-and-drop interface that it feels like a mix between Notion and Zapier. Instead of just setting up triggers and actions, you create relays ‚Äî shared workflows that teammates can follow, collaborate on, and run together.It‚Äôs really good if you have recurring processes (like onboarding, weekly reporting, or campaign launches) that involve more than one person. You can assign steps, add approvals, loop in stakeholders, and even automate parts of the flow with AI or integrations.It feels less like a ‚Äúbot builder‚Äù and more like a modern command center for creating AI agents across your tech stack.Pros and cons of RelayHere are some of the pros and cons I‚Äôve found with Relay:Pros:Built for teams. Great for async workflows and collaborative processes.Mixes manual steps (like approvals) with automated ones.Clean, modern UI that‚Äôs easy to use and onboard others.Includes AI features and integrates with tools like Slack, Notion, Google Sheets, and more.Cons:Not as flexible for deep custom automations (like scrapers or external API chaining).Still an early product, so the number of integrations is limited compared to Zapier or Make.Works best when everyone on the team is using it. Less useful for solo workflows.Naming your workflows ‚Äúrelays‚Äù takes a second to get used to üòÖRelay ratings and reviewsHere‚Äôs what customers or Relay rate the AI¬†workflow automation platform on third-party review sites:G2:4.9/5 star rating (from+65 reviews)Capterra:5/5 star rating (from+1 review)4.IFTTTBest for:Personal automations (if this, then that)Pricing:Has a free plan, paid plans start at $2.99/monthIFTTT (short for If This Then That) is the first automation tool I learned about. It‚Äôs like a barebones version of Zapier. It‚Äôs been around forever and was originally built more for personal use, like ‚Äúif I post on Instagram, then save the photo to Dropbox.‚ÄùOver the years, it‚Äôs expanded a bit into business and productivity automations, but it still feels more like a consumer tool. But if you‚Äôre looking for basic app-to-app connections or smart home automations, IFTTT is one of the easiest tools to use.It‚Äôs probably not the best fit for complex workflows or scaling businesses, but if you want to quickly connect two services for personal use, it gets the job done.Pros and cons of IFTTTHere are some of the pros and cons I‚Äôve found with IFTTT:Pros:Super simple to use, great if you‚Äôre new to automation.Has a mobile app that makes setting up automations quick and easy.Works well for connecting personal tools and smart devices.One of the most affordable options out there.Cons:It can be limited when it comes to advanced logic, branching, or multi-step flows.Smaller library of integrations compared to Zapier or n8n.Not ideal for business use or complex team workflows.UI feels dated and hasn‚Äôt evolved much in recent years.IFTTT ratings and reviewsHere‚Äôs what customers or IFTTT rate the platform on third-party review sites:G2:4.6/5 star rating (from+111 reviews)Capterra:4.6/5 star rating (from+218 reviews)5.ZapierBest for:Automating between software APIs (connect software together)Pricing:Includes a free plan, then starts at $29.99/monthZapier is the OG when it comes to no-code automation. It‚Äôs probably the first tool you heard about if you ever googled ‚Äúhow to automate [literally anything].‚ÄùYou can use it to connect pretty much any two tools on the internet ‚Äî from Slack and Google Sheets to Salesforce and HubSpot. It doesn‚Äôt have the same AI-native approach as tools like Gumloop or n8n, but if you just need to move data sources between apps or trigger workflows on certain events, Zapier‚Äôs solid.It‚Äôs especially useful if you‚Äôre looking for stability and a huge list of integrations. And because it‚Äôs been around forever, there‚Äôs a ton of community tutorials and support out there.It‚Äôs a great tool, and I‚Äôve been paying for my subscription for well over three years now. It‚Äôs safe to say Zapier has made a lot of money off of me.Pros and cons of ZapierHere are the pros and cons of using Zapier:Pros:Integrates with basically everything (6,000+ apps and counting).Tons of step-by-step templates to help you get started fast.Great for solo founders, marketers, and ops teams.Battle-tested and reliable for mission-critical workflows.Cons:Can get expensive fast if you‚Äôre running multiple Zaps with lots of tasks.The UI feels a little dated and slow compared to newer tools.Doesn‚Äôt natively support complex logic or AI-driven flows (unless you do some heavy workaround stuff).Sometimes breaks silently, and it‚Äôs not always clear why a Zap didn‚Äôt run.Zapier ratings and reviewsHere‚Äôs what customers or Zapier rate the platform on third-party review sites:G2:4.5/5 star rating (from+1,341 reviews)Capterra:4.7/5 star rating (from+2,984 reviews)6.MakeBest for:Small startups with small budgetsPricing:Includes free plan, then starts at $10.59/monthMake (formerly Integromat) is what you get when Zapier and a flowchart have a baby. It gives you a super visual way to build automations, where you can drag, drop, and connect tools together in a kind of mind map view.Compared to Zapier or IFTTT, Make is a lot more customizable. You can add filters, conditional logic, error handling, and even run scripts if you want. It‚Äôs great if you‚Äôre a power user or want more control over complex workflows, especially for admin tasks, data syncing, or multi-step processes.That said, the learning curve is a bit steeper. But once you get the hang of it, Make can do some seriously powerful stuff.Pros and cons of MakeHere are some of the pros and cons I‚Äôve found with Make:Pros:The visual editor makes it easy to understand and debug complex workflows.Supports advanced logic, routers, and multiple branching paths.Cheaper than Zapier for higher task volume.Great for ops, devs, and technical marketers.Cons:Steeper learning curve compared to tools like Zapier or IFTTT.Some parts of the UI feel a little clunky or overwhelming at first.Might be overkill if you just need simple workflow automations.Requires a bit more time and setup to get right.Make ratings and reviewsHere‚Äôs what customers or Make rate the platform on third-party review sites:G2:4.7/5 star rating (from+231 reviews)Capterra:4.8/5 star rating (from+396 reviews)7.IntegratelyBest for:Creating ecommerce automationsPricing:Includes a free plan, then starts at $29.99/monthIntegrately is kind of like Zapier‚Äôs more affordable sibling, but with a bigger focus on ecommerce workflows. The main pitch is that you can set up workflow automations in just one click thanks to its massive library of pre-made workflows.So instead of building something from scratch, you just search for the two tools you want to connect (like ‚ÄúShopify + Airtable‚Äù), and chances are there‚Äôs already a handful of automation templates ready to go.It‚Äôs super beginner-friendly and works well if you want to quickly connect apps without dealing with conditional logic, routers, or flowcharts.Pros and cons of IntegratelyPros:Huge library of 1-click automation templates.Much cheaper than Zapier at higher task volumes.Great for non-technical users or those new to automation.Clean UI and easy setup process.Cons:Not as flexible for advanced or multi-step workflows.Limited support for complex conditions or error handling.Smaller integration ecosystem than Zapier or Make.Some automations can feel a bit rigid without much customization.Integrately ratings and reviewsHere‚Äôs what customers or Integrately rate the platform on third-party review sites:G2:4.7/5 star rating (from+671 reviews)Capterra:4.1/5 star rating (from+319 reviews)Is there a free alternative to n8n?Yes, there are several free alternatives to n8n that have powerful automation features without the steep learning curve. Tools like Zapier, Make, and Integrately all have free plans, but they tend to come with task limits or fewer features unless you upgrade.However, one of the most exciting (and free-to-start) options right now is Gumloop. It‚Äôs built for tech-enabled teams that want to connect large language models (like ChatGPT) to their workflows ‚Äî without needing a developer. With Gumloop, you can automate internal tasks, scrape web data, create content workflows, and more, all using a visual builder and AI-powered chatbot to guide you through each workflow setup.So if you're looking for a free alternative to n8n that‚Äôs actually built for 2025 and beyond, Gumloop is definitely worth checking out. And no, they didn‚Äôt pay me to say that, I just personally use it and only like recommending tools I actually use.Happy automating!Stay up to date with the latest marketing news, resources, and guides.Get theweekly newsletterkeeping thousands of marketers in the loop.No spam, unsubscribe any time. By subscribing youagree to ourTerms.Loved by marketers at""My favorite marketing newsletter I‚Äôm subscribed to.‚Äù‚Äî Faith Storey, Growth Manager @ Contrarian ThinkingDisclosure:Some of the links in this article may be affiliate links, which can provide compensation to Marketer Milk at no cost to you if you decide to purchase a paid plan. This site is not intended to provide financial advice and is for entertainment only. You can read our affiliate disclosure in ourdisclaimers.Hi, I‚Äôm Omid! A marketer, writer, no-code enthusiast, and founder of Marketer Milk! Previously, I worked at a marketing agency in Los Angeles,CA, and later led SEO and content marketing at Webflow in¬†San Francisco, CA. Nice to meet ya!Related articlesStack AI review: My honest thoughts about this AI builderPeec AI review: My honest thoughts about this AI tracker10 best AI monitoring tools for SEO teams in 2025Keep up with marketing trendsGet theweekly newsletterkeeping +25,000 marketers in the loop.Unsubscribe any time, no hard feelings.Loved by marketers at""My favorite marketing newsletter I‚Äôm subscribed to.‚Äù‚Äî Faith Storey, Growth Manager @ Contrarian Thinking",https://cdn.prod.website-files.com/6243c3bb3b5a1852803d0c7f/67ffe9a8104ad033e79190be_gumloop.jpg,https://www.marketermilk.com/blog/n8n-alternatives,https://www.marketermilk.com/blog/how-to-build-ai-agents
"AI agents seem to be all the craze now, huh?It‚Äôs incredible how fast this space is growing. From YouTubers teaching you how to sell AI to businesses, to Shopify's CEO demanding all employees to use AI before they think about hiring anyone new.And while n8n is a leading tool in this space, you‚Äôre most likely reading this because you‚Äôre looking for a great n8n alternative. And maybe not even great, butbetter.Don‚Äôt get me wrong, n8n is great and has a lot of technical use cases tobuild AI agents from scratch. But that‚Äôs exactly what it is: technical. It‚Äôs not the most intuitive when it comes to UI and getting started with.I‚Äôve been using and testing a bunch of differentAI agent platformsand automation tools for the past couple of years. And I‚Äôve put together a list of the ones I believe are specifically the best alternatives to n8n.But before we jump into the best alternatives, let‚Äôs first go over what you should be looking for when you‚Äôre window-shopping (it can get crazy out there).What to look for in an n8n alternative?When looking for an alternative to n8n, it‚Äôs important to know how to evaluate the other tools out there. Maybe you want to find an alternative simply because of the price. Or maybe it‚Äôs the UI. Whatever it is, you want to make sure that just because some alternatives look pretty, it doesn‚Äôt mean they have the functionality you need.Here are a few things you should consider when looking for an n8n alternative:How easy it is to use:n8n is powerful but can feel a bit technical, especially if you're not used to flow-based builders. A good alternative should let you build fast without needing a CS degree.Integrated LLM features:If you want to connect GPT-style models or automate AI tasks (like summarizing, generating copy, etc.), look for tools that support this out of the box, not just API integration workarounds.Templates or prebuilt flows:Look for workflow automation platforms that give you a head start with templates for sales, content, ops, recruiting, etc.Visual workflow builder:One of n8n‚Äôs best features is its visual builder. Alternatives should let you clearly see and edit your logic without digging through tabs or nested menus.Integrations (and how they‚Äôre handled):It‚Äôs not just about the number of integrations, but also how deep they go. Can you do advanced stuff with Gmail? Does it support pagination in API calls? OAuth? Webhooks?Error handling + debugging:Can you easily see where a workflow failed and why? Debugging matters more than people think, especially once workflow automations are live and running.Team features & scalability:If you're working with a team, look for role-based permissions, audit logs, shared folders, and scalability. Some tools are solo-operator friendly, others are better for teams.Hosted vs. self-hosted:n8n has a big draw in being self-hostable. If that‚Äôs a dealbreaker for you, make sure the alternative either supports it or has good privacy + compliance standards.Pricing at scale:Some platforms get really expensive fast. Make sure to check task limits and pricing tiers if you plan to run a lot of flows.While we can get into all the nitty-gritty of other things to look out for, these are the core ones. I went through some of my favorite n8n alternatives that cover these. So I‚Äôm going to stop rambling and let‚Äôs just get to it.Editor's note:Not every n8n alternative will tick all these boxes, so it really depends on what you need. I included a mix of tools below that range from AI-first assistants to visual builders that feel like upgraded versions of Zapier.7 best n8n alternatives and competitors in 2025Here are my top picks for the best n8n alternatives:Gumloop(best for LLM automations)Lindy(best for email automations)‚ÄçRelay(best for simple automations)‚ÄçZapier(best for API automations)‚ÄçIFTTT(best for personal automations)‚ÄçMake(best for smaller budgets)‚Äç‚ÄçIntegrately(best for ecommerce automations)Alright, let‚Äôs check out each of these.1.GumloopBest for:Connecting LLMs to your tech stackPricing:Includes a free plan, then $97/month (20% off with code MARKETERMILK)First up is one of my favorite AI automation tools right now ‚Äî Gumloop. It‚Äôs like giving your existing tools the power to automate any task by integrating it with an LLM (think ChatGPT, Grok, Claude, or whatever).It‚Äôs especially useful if you‚Äôre running a startup or a lean team. You don‚Äôt need an engineer every time you want to connect two tools or automate a process. Gumloop lets you string together actions using prebuilt templates or build your own flows from scratch. You can use it to build scrapers, automate content, handle internal ops, or even power your sales and recruiting workflows.Comparing it to n8n, I¬†would says that n8n leans more on the custom code side of things (with lots of custom logic), while Gumloop is leaning heavily on MCP (Model Context Protocol) and making it easier for non-developers to gain AI¬†capabilities.Pros and cons of GumloopHere are some of the pros and cons I‚Äôve found with Gumloop:Pros:Integrates with any LLM model (without the need for you to connect an account or API keys).Makes it super easy to create web scraping automations (what initially attracted me to it).Includes lots of pre‚Äìbuilt templates, but you can also ask Gummie (their in-product AI copilot) to help you build any flow.Secure and scalable for larger teams and enterprises.Clean user interface in an AI native platform.It has a Slack community where users can ask questions and get feedback quickly (with enterprise support).Cons:It‚Äôs still a relatively new tool, so there might be some UI quirks or bugs.Not super cheap for freelancers or solopreneurs.Might require some trial and error when creating complex workflows.If you want to dive deeper into the pros and cons of Gumloop (and how it compares to n8n), you can check out thisGumloop vs n8narticle I wrote.Gumloop ratings and reviewsI already wrote aGumloop review. But here is what other users rate the platform:Product Hunt:5/5 star rating (from+6 reviews)There‚Äôs an AI for that:5/5 star rating (from+1 review)Gumloop did not pay me to mention them, I¬†personally use them and they gave me a coupon code for my readers: 20% off with code MARKETERMILK.2.LindyBest for:Email automations for sales teamsPricing:Includes a free plan, then starts at $49.99/monthSimilar to Gumloop, Lindy is like having your own AI executive assistant. It‚Äôs designed to handle tasks across your calendar, email, docs, and even apps like Notion or Salesforce.Instead of setting up triggers and actions like Zapier or n8n (which you can still do), you just tell Lindy what you want done. For example: ‚ÄúSchedule a meeting with John next week and send him the doc we discussed.‚Äù Lindy will actually do it. Just like Gumloop, the idea is that you talk to it like a teammate, and it figures out how to get things done behind the scenes.The agent builder also allows you now to tell it what you need, and it will build the workflow or simply execute it. But you can still set up your workflows manually as well.Overall, theproduct is still very new (as with most in this space), but the vision is super promising.Pros and cons of LindyHere are some of the pros and cons I‚Äôve found with Lindy:Pros:Natural language commands make it feel like a real assistant.Can handle multi-step tasks across apps without complex setup.Great UI. Clean, fast, and feels like the future.Constantly improving with new features and integrations (+7000 integrations).Cons:You‚Äôll need to trust it with access to your email, calendar, and other tools.Works best with clear instructions. It‚Äôs smart, but not magic (yet).Lindy ratings and reviewsHere‚Äôs what customers or Lindy rate the platform on third-party review sites:G2:4.8/5 star rating (from+48 review)Capterra:3.5/5 star rating (from+2 reviews)3.RelayBest for:Creating simple automations for your teamPricing:Includes a free plan, then starts at $23.75/monthRelay is another automation tool, but it has such a clean drag-and-drop interface that it feels like a mix between Notion and Zapier. Instead of just setting up triggers and actions, you create relays ‚Äî shared workflows that teammates can follow, collaborate on, and run together.It‚Äôs really good if you have recurring processes (like onboarding, weekly reporting, or campaign launches) that involve more than one person. You can assign steps, add approvals, loop in stakeholders, and even automate parts of the flow with AI or integrations.It feels less like a ‚Äúbot builder‚Äù and more like a modern command center for creating AI agents across your tech stack.Pros and cons of RelayHere are some of the pros and cons I‚Äôve found with Relay:Pros:Built for teams. Great for async workflows and collaborative processes.Mixes manual steps (like approvals) with automated ones.Clean, modern UI that‚Äôs easy to use and onboard others.Includes AI features and integrates with tools like Slack, Notion, Google Sheets, and more.Cons:Not as flexible for deep custom automations (like scrapers or external API chaining).Still an early product, so the number of integrations is limited compared to Zapier or Make.Works best when everyone on the team is using it. Less useful for solo workflows.Naming your workflows ‚Äúrelays‚Äù takes a second to get used to üòÖRelay ratings and reviewsHere‚Äôs what customers or Relay rate the AI¬†workflow automation platform on third-party review sites:G2:4.9/5 star rating (from+65 reviews)Capterra:5/5 star rating (from+1 review)4.IFTTTBest for:Personal automations (if this, then that)Pricing:Has a free plan, paid plans start at $2.99/monthIFTTT (short for If This Then That) is the first automation tool I learned about. It‚Äôs like a barebones version of Zapier. It‚Äôs been around forever and was originally built more for personal use, like ‚Äúif I post on Instagram, then save the photo to Dropbox.‚ÄùOver the years, it‚Äôs expanded a bit into business and productivity automations, but it still feels more like a consumer tool. But if you‚Äôre looking for basic app-to-app connections or smart home automations, IFTTT is one of the easiest tools to use.It‚Äôs probably not the best fit for complex workflows or scaling businesses, but if you want to quickly connect two services for personal use, it gets the job done.Pros and cons of IFTTTHere are some of the pros and cons I‚Äôve found with IFTTT:Pros:Super simple to use, great if you‚Äôre new to automation.Has a mobile app that makes setting up automations quick and easy.Works well for connecting personal tools and smart devices.One of the most affordable options out there.Cons:It can be limited when it comes to advanced logic, branching, or multi-step flows.Smaller library of integrations compared to Zapier or n8n.Not ideal for business use or complex team workflows.UI feels dated and hasn‚Äôt evolved much in recent years.IFTTT ratings and reviewsHere‚Äôs what customers or IFTTT rate the platform on third-party review sites:G2:4.6/5 star rating (from+111 reviews)Capterra:4.6/5 star rating (from+218 reviews)5.ZapierBest for:Automating between software APIs (connect software together)Pricing:Includes a free plan, then starts at $29.99/monthZapier is the OG when it comes to no-code automation. It‚Äôs probably the first tool you heard about if you ever googled ‚Äúhow to automate [literally anything].‚ÄùYou can use it to connect pretty much any two tools on the internet ‚Äî from Slack and Google Sheets to Salesforce and HubSpot. It doesn‚Äôt have the same AI-native approach as tools like Gumloop or n8n, but if you just need to move data sources between apps or trigger workflows on certain events, Zapier‚Äôs solid.It‚Äôs especially useful if you‚Äôre looking for stability and a huge list of integrations. And because it‚Äôs been around forever, there‚Äôs a ton of community tutorials and support out there.It‚Äôs a great tool, and I‚Äôve been paying for my subscription for well over three years now. It‚Äôs safe to say Zapier has made a lot of money off of me.Pros and cons of ZapierHere are the pros and cons of using Zapier:Pros:Integrates with basically everything (6,000+ apps and counting).Tons of step-by-step templates to help you get started fast.Great for solo founders, marketers, and ops teams.Battle-tested and reliable for mission-critical workflows.Cons:Can get expensive fast if you‚Äôre running multiple Zaps with lots of tasks.The UI feels a little dated and slow compared to newer tools.Doesn‚Äôt natively support complex logic or AI-driven flows (unless you do some heavy workaround stuff).Sometimes breaks silently, and it‚Äôs not always clear why a Zap didn‚Äôt run.Zapier ratings and reviewsHere‚Äôs what customers or Zapier rate the platform on third-party review sites:G2:4.5/5 star rating (from+1,341 reviews)Capterra:4.7/5 star rating (from+2,984 reviews)6.MakeBest for:Small startups with small budgetsPricing:Includes free plan, then starts at $10.59/monthMake (formerly Integromat) is what you get when Zapier and a flowchart have a baby. It gives you a super visual way to build automations, where you can drag, drop, and connect tools together in a kind of mind map view.Compared to Zapier or IFTTT, Make is a lot more customizable. You can add filters, conditional logic, error handling, and even run scripts if you want. It‚Äôs great if you‚Äôre a power user or want more control over complex workflows, especially for admin tasks, data syncing, or multi-step processes.That said, the learning curve is a bit steeper. But once you get the hang of it, Make can do some seriously powerful stuff.Pros and cons of MakeHere are some of the pros and cons I‚Äôve found with Make:Pros:The visual editor makes it easy to understand and debug complex workflows.Supports advanced logic, routers, and multiple branching paths.Cheaper than Zapier for higher task volume.Great for ops, devs, and technical marketers.Cons:Steeper learning curve compared to tools like Zapier or IFTTT.Some parts of the UI feel a little clunky or overwhelming at first.Might be overkill if you just need simple workflow automations.Requires a bit more time and setup to get right.Make ratings and reviewsHere‚Äôs what customers or Make rate the platform on third-party review sites:G2:4.7/5 star rating (from+231 reviews)Capterra:4.8/5 star rating (from+396 reviews)7.IntegratelyBest for:Creating ecommerce automationsPricing:Includes a free plan, then starts at $29.99/monthIntegrately is kind of like Zapier‚Äôs more affordable sibling, but with a bigger focus on ecommerce workflows. The main pitch is that you can set up workflow automations in just one click thanks to its massive library of pre-made workflows.So instead of building something from scratch, you just search for the two tools you want to connect (like ‚ÄúShopify + Airtable‚Äù), and chances are there‚Äôs already a handful of automation templates ready to go.It‚Äôs super beginner-friendly and works well if you want to quickly connect apps without dealing with conditional logic, routers, or flowcharts.Pros and cons of IntegratelyPros:Huge library of 1-click automation templates.Much cheaper than Zapier at higher task volumes.Great for non-technical users or those new to automation.Clean UI and easy setup process.Cons:Not as flexible for advanced or multi-step workflows.Limited support for complex conditions or error handling.Smaller integration ecosystem than Zapier or Make.Some automations can feel a bit rigid without much customization.Integrately ratings and reviewsHere‚Äôs what customers or Integrately rate the platform on third-party review sites:G2:4.7/5 star rating (from+671 reviews)Capterra:4.1/5 star rating (from+319 reviews)Is there a free alternative to n8n?Yes, there are several free alternatives to n8n that have powerful automation features without the steep learning curve. Tools like Zapier, Make, and Integrately all have free plans, but they tend to come with task limits or fewer features unless you upgrade.However, one of the most exciting (and free-to-start) options right now is Gumloop. It‚Äôs built for tech-enabled teams that want to connect large language models (like ChatGPT) to their workflows ‚Äî without needing a developer. With Gumloop, you can automate internal tasks, scrape web data, create content workflows, and more, all using a visual builder and AI-powered chatbot to guide you through each workflow setup.So if you're looking for a free alternative to n8n that‚Äôs actually built for 2025 and beyond, Gumloop is definitely worth checking out. And no, they didn‚Äôt pay me to say that, I just personally use it and only like recommending tools I actually use.Happy automating!Stay up to date with the latest marketing news, resources, and guides.Get theweekly newsletterkeeping thousands of marketers in the loop.No spam, unsubscribe any time. By subscribing youagree to ourTerms.Loved by marketers at""My favorite marketing newsletter I‚Äôm subscribed to.‚Äù‚Äî Faith Storey, Growth Manager @ Contrarian Thinking",https://cdn.prod.website-files.com/6243c3bb3b5a1852803d0c7f/67ffe9a8104ad033e79190be_gumloop.jpg,https://www.marketermilk.com/blog/n8n-alternatives,https://www.marketermilk.com/blog/how-to-build-ai-agents
"It‚Äôs incredible how fast this space is growing. From YouTubers teaching you how to sell AI to businesses, to Shopify's CEO demanding all employees to use AI before they think about hiring anyone new.And while n8n is a leading tool in this space, you‚Äôre most likely reading this because you‚Äôre looking for a great n8n alternative. And maybe not even great, butbetter.Don‚Äôt get me wrong, n8n is great and has a lot of technical use cases tobuild AI agents from scratch. But that‚Äôs exactly what it is: technical. It‚Äôs not the most intuitive when it comes to UI and getting started with.I‚Äôve been using and testing a bunch of differentAI agent platformsand automation tools for the past couple of years. And I‚Äôve put together a list of the ones I believe are specifically the best alternatives to n8n.But before we jump into the best alternatives, let‚Äôs first go over what you should be looking for when you‚Äôre window-shopping (it can get crazy out there).What to look for in an n8n alternative?When looking for an alternative to n8n, it‚Äôs important to know how to evaluate the other tools out there. Maybe you want to find an alternative simply because of the price. Or maybe it‚Äôs the UI. Whatever it is, you want to make sure that just because some alternatives look pretty, it doesn‚Äôt mean they have the functionality you need.Here are a few things you should consider when looking for an n8n alternative:How easy it is to use:n8n is powerful but can feel a bit technical, especially if you're not used to flow-based builders. A good alternative should let you build fast without needing a CS degree.Integrated LLM features:If you want to connect GPT-style models or automate AI tasks (like summarizing, generating copy, etc.), look for tools that support this out of the box, not just API integration workarounds.Templates or prebuilt flows:Look for workflow automation platforms that give you a head start with templates for sales, content, ops, recruiting, etc.Visual workflow builder:One of n8n‚Äôs best features is its visual builder. Alternatives should let you clearly see and edit your logic without digging through tabs or nested menus.Integrations (and how they‚Äôre handled):It‚Äôs not just about the number of integrations, but also how deep they go. Can you do advanced stuff with Gmail? Does it support pagination in API calls? OAuth? Webhooks?Error handling + debugging:Can you easily see where a workflow failed and why? Debugging matters more than people think, especially once workflow automations are live and running.Team features & scalability:If you're working with a team, look for role-based permissions, audit logs, shared folders, and scalability. Some tools are solo-operator friendly, others are better for teams.Hosted vs. self-hosted:n8n has a big draw in being self-hostable. If that‚Äôs a dealbreaker for you, make sure the alternative either supports it or has good privacy + compliance standards.Pricing at scale:Some platforms get really expensive fast. Make sure to check task limits and pricing tiers if you plan to run a lot of flows.While we can get into all the nitty-gritty of other things to look out for, these are the core ones. I went through some of my favorite n8n alternatives that cover these. So I‚Äôm going to stop rambling and let‚Äôs just get to it.Editor's note:Not every n8n alternative will tick all these boxes, so it really depends on what you need. I included a mix of tools below that range from AI-first assistants to visual builders that feel like upgraded versions of Zapier.7 best n8n alternatives and competitors in 2025Here are my top picks for the best n8n alternatives:Gumloop(best for LLM automations)Lindy(best for email automations)‚ÄçRelay(best for simple automations)‚ÄçZapier(best for API automations)‚ÄçIFTTT(best for personal automations)‚ÄçMake(best for smaller budgets)‚Äç‚ÄçIntegrately(best for ecommerce automations)Alright, let‚Äôs check out each of these.1.GumloopBest for:Connecting LLMs to your tech stackPricing:Includes a free plan, then $97/month (20% off with code MARKETERMILK)First up is one of my favorite AI automation tools right now ‚Äî Gumloop. It‚Äôs like giving your existing tools the power to automate any task by integrating it with an LLM (think ChatGPT, Grok, Claude, or whatever).It‚Äôs especially useful if you‚Äôre running a startup or a lean team. You don‚Äôt need an engineer every time you want to connect two tools or automate a process. Gumloop lets you string together actions using prebuilt templates or build your own flows from scratch. You can use it to build scrapers, automate content, handle internal ops, or even power your sales and recruiting workflows.Comparing it to n8n, I¬†would says that n8n leans more on the custom code side of things (with lots of custom logic), while Gumloop is leaning heavily on MCP (Model Context Protocol) and making it easier for non-developers to gain AI¬†capabilities.Pros and cons of GumloopHere are some of the pros and cons I‚Äôve found with Gumloop:Pros:Integrates with any LLM model (without the need for you to connect an account or API keys).Makes it super easy to create web scraping automations (what initially attracted me to it).Includes lots of pre‚Äìbuilt templates, but you can also ask Gummie (their in-product AI copilot) to help you build any flow.Secure and scalable for larger teams and enterprises.Clean user interface in an AI native platform.It has a Slack community where users can ask questions and get feedback quickly (with enterprise support).Cons:It‚Äôs still a relatively new tool, so there might be some UI quirks or bugs.Not super cheap for freelancers or solopreneurs.Might require some trial and error when creating complex workflows.If you want to dive deeper into the pros and cons of Gumloop (and how it compares to n8n), you can check out thisGumloop vs n8narticle I wrote.Gumloop ratings and reviewsI already wrote aGumloop review. But here is what other users rate the platform:Product Hunt:5/5 star rating (from+6 reviews)There‚Äôs an AI for that:5/5 star rating (from+1 review)Gumloop did not pay me to mention them, I¬†personally use them and they gave me a coupon code for my readers: 20% off with code MARKETERMILK.2.LindyBest for:Email automations for sales teamsPricing:Includes a free plan, then starts at $49.99/monthSimilar to Gumloop, Lindy is like having your own AI executive assistant. It‚Äôs designed to handle tasks across your calendar, email, docs, and even apps like Notion or Salesforce.Instead of setting up triggers and actions like Zapier or n8n (which you can still do), you just tell Lindy what you want done. For example: ‚ÄúSchedule a meeting with John next week and send him the doc we discussed.‚Äù Lindy will actually do it. Just like Gumloop, the idea is that you talk to it like a teammate, and it figures out how to get things done behind the scenes.The agent builder also allows you now to tell it what you need, and it will build the workflow or simply execute it. But you can still set up your workflows manually as well.Overall, theproduct is still very new (as with most in this space), but the vision is super promising.Pros and cons of LindyHere are some of the pros and cons I‚Äôve found with Lindy:Pros:Natural language commands make it feel like a real assistant.Can handle multi-step tasks across apps without complex setup.Great UI. Clean, fast, and feels like the future.Constantly improving with new features and integrations (+7000 integrations).Cons:You‚Äôll need to trust it with access to your email, calendar, and other tools.Works best with clear instructions. It‚Äôs smart, but not magic (yet).Lindy ratings and reviewsHere‚Äôs what customers or Lindy rate the platform on third-party review sites:G2:4.8/5 star rating (from+48 review)Capterra:3.5/5 star rating (from+2 reviews)3.RelayBest for:Creating simple automations for your teamPricing:Includes a free plan, then starts at $23.75/monthRelay is another automation tool, but it has such a clean drag-and-drop interface that it feels like a mix between Notion and Zapier. Instead of just setting up triggers and actions, you create relays ‚Äî shared workflows that teammates can follow, collaborate on, and run together.It‚Äôs really good if you have recurring processes (like onboarding, weekly reporting, or campaign launches) that involve more than one person. You can assign steps, add approvals, loop in stakeholders, and even automate parts of the flow with AI or integrations.It feels less like a ‚Äúbot builder‚Äù and more like a modern command center for creating AI agents across your tech stack.Pros and cons of RelayHere are some of the pros and cons I‚Äôve found with Relay:Pros:Built for teams. Great for async workflows and collaborative processes.Mixes manual steps (like approvals) with automated ones.Clean, modern UI that‚Äôs easy to use and onboard others.Includes AI features and integrates with tools like Slack, Notion, Google Sheets, and more.Cons:Not as flexible for deep custom automations (like scrapers or external API chaining).Still an early product, so the number of integrations is limited compared to Zapier or Make.Works best when everyone on the team is using it. Less useful for solo workflows.Naming your workflows ‚Äúrelays‚Äù takes a second to get used to üòÖRelay ratings and reviewsHere‚Äôs what customers or Relay rate the AI¬†workflow automation platform on third-party review sites:G2:4.9/5 star rating (from+65 reviews)Capterra:5/5 star rating (from+1 review)4.IFTTTBest for:Personal automations (if this, then that)Pricing:Has a free plan, paid plans start at $2.99/monthIFTTT (short for If This Then That) is the first automation tool I learned about. It‚Äôs like a barebones version of Zapier. It‚Äôs been around forever and was originally built more for personal use, like ‚Äúif I post on Instagram, then save the photo to Dropbox.‚ÄùOver the years, it‚Äôs expanded a bit into business and productivity automations, but it still feels more like a consumer tool. But if you‚Äôre looking for basic app-to-app connections or smart home automations, IFTTT is one of the easiest tools to use.It‚Äôs probably not the best fit for complex workflows or scaling businesses, but if you want to quickly connect two services for personal use, it gets the job done.Pros and cons of IFTTTHere are some of the pros and cons I‚Äôve found with IFTTT:Pros:Super simple to use, great if you‚Äôre new to automation.Has a mobile app that makes setting up automations quick and easy.Works well for connecting personal tools and smart devices.One of the most affordable options out there.Cons:It can be limited when it comes to advanced logic, branching, or multi-step flows.Smaller library of integrations compared to Zapier or n8n.Not ideal for business use or complex team workflows.UI feels dated and hasn‚Äôt evolved much in recent years.IFTTT ratings and reviewsHere‚Äôs what customers or IFTTT rate the platform on third-party review sites:G2:4.6/5 star rating (from+111 reviews)Capterra:4.6/5 star rating (from+218 reviews)5.ZapierBest for:Automating between software APIs (connect software together)Pricing:Includes a free plan, then starts at $29.99/monthZapier is the OG when it comes to no-code automation. It‚Äôs probably the first tool you heard about if you ever googled ‚Äúhow to automate [literally anything].‚ÄùYou can use it to connect pretty much any two tools on the internet ‚Äî from Slack and Google Sheets to Salesforce and HubSpot. It doesn‚Äôt have the same AI-native approach as tools like Gumloop or n8n, but if you just need to move data sources between apps or trigger workflows on certain events, Zapier‚Äôs solid.It‚Äôs especially useful if you‚Äôre looking for stability and a huge list of integrations. And because it‚Äôs been around forever, there‚Äôs a ton of community tutorials and support out there.It‚Äôs a great tool, and I‚Äôve been paying for my subscription for well over three years now. It‚Äôs safe to say Zapier has made a lot of money off of me.Pros and cons of ZapierHere are the pros and cons of using Zapier:Pros:Integrates with basically everything (6,000+ apps and counting).Tons of step-by-step templates to help you get started fast.Great for solo founders, marketers, and ops teams.Battle-tested and reliable for mission-critical workflows.Cons:Can get expensive fast if you‚Äôre running multiple Zaps with lots of tasks.The UI feels a little dated and slow compared to newer tools.Doesn‚Äôt natively support complex logic or AI-driven flows (unless you do some heavy workaround stuff).Sometimes breaks silently, and it‚Äôs not always clear why a Zap didn‚Äôt run.Zapier ratings and reviewsHere‚Äôs what customers or Zapier rate the platform on third-party review sites:G2:4.5/5 star rating (from+1,341 reviews)Capterra:4.7/5 star rating (from+2,984 reviews)6.MakeBest for:Small startups with small budgetsPricing:Includes free plan, then starts at $10.59/monthMake (formerly Integromat) is what you get when Zapier and a flowchart have a baby. It gives you a super visual way to build automations, where you can drag, drop, and connect tools together in a kind of mind map view.Compared to Zapier or IFTTT, Make is a lot more customizable. You can add filters, conditional logic, error handling, and even run scripts if you want. It‚Äôs great if you‚Äôre a power user or want more control over complex workflows, especially for admin tasks, data syncing, or multi-step processes.That said, the learning curve is a bit steeper. But once you get the hang of it, Make can do some seriously powerful stuff.Pros and cons of MakeHere are some of the pros and cons I‚Äôve found with Make:Pros:The visual editor makes it easy to understand and debug complex workflows.Supports advanced logic, routers, and multiple branching paths.Cheaper than Zapier for higher task volume.Great for ops, devs, and technical marketers.Cons:Steeper learning curve compared to tools like Zapier or IFTTT.Some parts of the UI feel a little clunky or overwhelming at first.Might be overkill if you just need simple workflow automations.Requires a bit more time and setup to get right.Make ratings and reviewsHere‚Äôs what customers or Make rate the platform on third-party review sites:G2:4.7/5 star rating (from+231 reviews)Capterra:4.8/5 star rating (from+396 reviews)7.IntegratelyBest for:Creating ecommerce automationsPricing:Includes a free plan, then starts at $29.99/monthIntegrately is kind of like Zapier‚Äôs more affordable sibling, but with a bigger focus on ecommerce workflows. The main pitch is that you can set up workflow automations in just one click thanks to its massive library of pre-made workflows.So instead of building something from scratch, you just search for the two tools you want to connect (like ‚ÄúShopify + Airtable‚Äù), and chances are there‚Äôs already a handful of automation templates ready to go.It‚Äôs super beginner-friendly and works well if you want to quickly connect apps without dealing with conditional logic, routers, or flowcharts.Pros and cons of IntegratelyPros:Huge library of 1-click automation templates.Much cheaper than Zapier at higher task volumes.Great for non-technical users or those new to automation.Clean UI and easy setup process.Cons:Not as flexible for advanced or multi-step workflows.Limited support for complex conditions or error handling.Smaller integration ecosystem than Zapier or Make.Some automations can feel a bit rigid without much customization.Integrately ratings and reviewsHere‚Äôs what customers or Integrately rate the platform on third-party review sites:G2:4.7/5 star rating (from+671 reviews)Capterra:4.1/5 star rating (from+319 reviews)Is there a free alternative to n8n?Yes, there are several free alternatives to n8n that have powerful automation features without the steep learning curve. Tools like Zapier, Make, and Integrately all have free plans, but they tend to come with task limits or fewer features unless you upgrade.However, one of the most exciting (and free-to-start) options right now is Gumloop. It‚Äôs built for tech-enabled teams that want to connect large language models (like ChatGPT) to their workflows ‚Äî without needing a developer. With Gumloop, you can automate internal tasks, scrape web data, create content workflows, and more, all using a visual builder and AI-powered chatbot to guide you through each workflow setup.So if you're looking for a free alternative to n8n that‚Äôs actually built for 2025 and beyond, Gumloop is definitely worth checking out. And no, they didn‚Äôt pay me to say that, I just personally use it and only like recommending tools I actually use.Happy automating!",https://cdn.prod.website-files.com/6243c3bb3b5a1852803d0c7f/67ffe9a8104ad033e79190be_gumloop.jpg,https://www.marketermilk.com/blog/n8n-alternatives,https://www.marketermilk.com/blog/how-to-build-ai-agents
"How easy it is to use:n8n is powerful but can feel a bit technical, especially if you're not used to flow-based builders. A good alternative should let you build fast without needing a CS degree.",,https://www.marketermilk.com/blog/n8n-alternatives,
"Integrated LLM features:If you want to connect GPT-style models or automate AI tasks (like summarizing, generating copy, etc.), look for tools that support this out of the box, not just API integration workarounds.",,https://www.marketermilk.com/blog/n8n-alternatives,
"Templates or prebuilt flows:Look for workflow automation platforms that give you a head start with templates for sales, content, ops, recruiting, etc.",,https://www.marketermilk.com/blog/n8n-alternatives,
Visual workflow builder:One of n8n‚Äôs best features is its visual builder. Alternatives should let you clearly see and edit your logic without digging through tabs or nested menus.,,https://www.marketermilk.com/blog/n8n-alternatives,
"Integrations (and how they‚Äôre handled):It‚Äôs not just about the number of integrations, but also how deep they go. Can you do advanced stuff with Gmail? Does it support pagination in API calls? OAuth? Webhooks?",,https://www.marketermilk.com/blog/n8n-alternatives,
"Error handling + debugging:Can you easily see where a workflow failed and why? Debugging matters more than people think, especially once workflow automations are live and running.",,https://www.marketermilk.com/blog/n8n-alternatives,
"Team features & scalability:If you're working with a team, look for role-based permissions, audit logs, shared folders, and scalability. Some tools are solo-operator friendly, others are better for teams.",,https://www.marketermilk.com/blog/n8n-alternatives,
"Hosted vs. self-hosted:n8n has a big draw in being self-hostable. If that‚Äôs a dealbreaker for you, make sure the alternative either supports it or has good privacy + compliance standards.",,https://www.marketermilk.com/blog/n8n-alternatives,
Pricing at scale:Some platforms get really expensive fast. Make sure to check task limits and pricing tiers if you plan to run a lot of flows.,,https://www.marketermilk.com/blog/n8n-alternatives,
Gumloop(best for LLM automations),,https://www.marketermilk.com/blog/n8n-alternatives,#gumloop
Lindy(best for email automations),,https://www.marketermilk.com/blog/n8n-alternatives,#lindy
‚ÄçRelay(best for simple automations),,https://www.marketermilk.com/blog/n8n-alternatives,#zapier
‚ÄçZapier(best for API automations)‚Äç,,https://www.marketermilk.com/blog/n8n-alternatives,#zapier
IFTTT(best for personal automations)‚Äç,,https://www.marketermilk.com/blog/n8n-alternatives,#ifttt
Make(best for smaller budgets)‚Äç‚Äç,,https://www.marketermilk.com/blog/n8n-alternatives,#make
Integrately(best for ecommerce automations),,https://www.marketermilk.com/blog/n8n-alternatives,#integrately
Best for:Connecting LLMs to your tech stack,,https://www.marketermilk.com/blog/n8n-alternatives,
"Pricing:Includes a free plan, then $97/month (20% off with code MARKETERMILK)",,https://www.marketermilk.com/blog/n8n-alternatives,
Integrates with any LLM model (without the need for you to connect an account or API keys).,,https://www.marketermilk.com/blog/n8n-alternatives,
Makes it super easy to create web scraping automations (what initially attracted me to it).,,https://www.marketermilk.com/blog/n8n-alternatives,
"Includes lots of pre‚Äìbuilt templates, but you can also ask Gummie (their in-product AI copilot) to help you build any flow.",,https://www.marketermilk.com/blog/n8n-alternatives,
Secure and scalable for larger teams and enterprises.,,https://www.marketermilk.com/blog/n8n-alternatives,
Clean user interface in an AI native platform.,,https://www.marketermilk.com/blog/n8n-alternatives,
It has a Slack community where users can ask questions and get feedback quickly (with enterprise support).,,https://www.marketermilk.com/blog/n8n-alternatives,
"It‚Äôs still a relatively new tool, so there might be some UI quirks or bugs.",,https://www.marketermilk.com/blog/n8n-alternatives,
Not super cheap for freelancers or solopreneurs.,,https://www.marketermilk.com/blog/n8n-alternatives,
Might require some trial and error when creating complex workflows.,,https://www.marketermilk.com/blog/n8n-alternatives,
Product Hunt:5/5 star rating (from+6 reviews),,https://www.marketermilk.com/blog/n8n-alternatives,https://www.producthunt.com/products/agenthub/reviews
There‚Äôs an AI for that:5/5 star rating (from+1 review),,https://www.marketermilk.com/blog/n8n-alternatives,https://theresanaiforthat.com/ai/gumloop/
Best for:Email automations for sales teams,,https://www.marketermilk.com/blog/n8n-alternatives,
"Pricing:Includes a free plan, then starts at $49.99/month",,https://www.marketermilk.com/blog/n8n-alternatives,
Natural language commands make it feel like a real assistant.,,https://www.marketermilk.com/blog/n8n-alternatives,
Can handle multi-step tasks across apps without complex setup.,,https://www.marketermilk.com/blog/n8n-alternatives,
"Great UI. Clean, fast, and feels like the future.",,https://www.marketermilk.com/blog/n8n-alternatives,
Constantly improving with new features and integrations (+7000 integrations).,,https://www.marketermilk.com/blog/n8n-alternatives,
"You‚Äôll need to trust it with access to your email, calendar, and other tools.",,https://www.marketermilk.com/blog/n8n-alternatives,
"Works best with clear instructions. It‚Äôs smart, but not magic (yet).",,https://www.marketermilk.com/blog/n8n-alternatives,
G2:4.8/5 star rating (from+48 review),,https://www.marketermilk.com/blog/n8n-alternatives,https://www.g2.com/products/lindy-lindy/reviews
Capterra:3.5/5 star rating (from+2 reviews),,https://www.marketermilk.com/blog/n8n-alternatives,https://www.capterra.com/p/10027702/Lindy/
Best for:Creating simple automations for your team,,https://www.marketermilk.com/blog/n8n-alternatives,
"Pricing:Includes a free plan, then starts at $23.75/month",,https://www.marketermilk.com/blog/n8n-alternatives,
Built for teams. Great for async workflows and collaborative processes.,,https://www.marketermilk.com/blog/n8n-alternatives,
Mixes manual steps (like approvals) with automated ones.,,https://www.marketermilk.com/blog/n8n-alternatives,
"Clean, modern UI that‚Äôs easy to use and onboard others.",,https://www.marketermilk.com/blog/n8n-alternatives,
"Includes AI features and integrates with tools like Slack, Notion, Google Sheets, and more.",,https://www.marketermilk.com/blog/n8n-alternatives,
Not as flexible for deep custom automations (like scrapers or external API chaining).,,https://www.marketermilk.com/blog/n8n-alternatives,
"Still an early product, so the number of integrations is limited compared to Zapier or Make.",,https://www.marketermilk.com/blog/n8n-alternatives,
Works best when everyone on the team is using it. Less useful for solo workflows.,,https://www.marketermilk.com/blog/n8n-alternatives,
Naming your workflows ‚Äúrelays‚Äù takes a second to get used to üòÖ,,https://www.marketermilk.com/blog/n8n-alternatives,
G2:4.9/5 star rating (from+65 reviews),,https://www.marketermilk.com/blog/n8n-alternatives,https://www.g2.com/products/relay-app/reviews
Capterra:5/5 star rating (from+1 review),,https://www.marketermilk.com/blog/n8n-alternatives,https://www.capterra.com/p/10012226/Relay/
"Best for:Personal automations (if this, then that)",,https://www.marketermilk.com/blog/n8n-alternatives,
"Pricing:Has a free plan, paid plans start at $2.99/month",,https://www.marketermilk.com/blog/n8n-alternatives,
"Super simple to use, great if you‚Äôre new to automation.",,https://www.marketermilk.com/blog/n8n-alternatives,
Has a mobile app that makes setting up automations quick and easy.,,https://www.marketermilk.com/blog/n8n-alternatives,
Works well for connecting personal tools and smart devices.,,https://www.marketermilk.com/blog/n8n-alternatives,
One of the most affordable options out there.,,https://www.marketermilk.com/blog/n8n-alternatives,
"It can be limited when it comes to advanced logic, branching, or multi-step flows.",,https://www.marketermilk.com/blog/n8n-alternatives,
Smaller library of integrations compared to Zapier or n8n.,,https://www.marketermilk.com/blog/n8n-alternatives,
Not ideal for business use or complex team workflows.,,https://www.marketermilk.com/blog/n8n-alternatives,
UI feels dated and hasn‚Äôt evolved much in recent years.,,https://www.marketermilk.com/blog/n8n-alternatives,
G2:4.6/5 star rating (from+111 reviews),,https://www.marketermilk.com/blog/n8n-alternatives,https://www.g2.com/products/ifttt/reviews
Capterra:4.6/5 star rating (from+218 reviews),,https://www.marketermilk.com/blog/n8n-alternatives,https://www.capterra.com/p/186695/IFTTT/
Best for:Automating between software APIs (connect software together),,https://www.marketermilk.com/blog/n8n-alternatives,
"Pricing:Includes a free plan, then starts at $29.99/month",,https://www.marketermilk.com/blog/n8n-alternatives,
"Integrates with basically everything (6,000+ apps and counting).",,https://www.marketermilk.com/blog/n8n-alternatives,
Tons of step-by-step templates to help you get started fast.,,https://www.marketermilk.com/blog/n8n-alternatives,
"Great for solo founders, marketers, and ops teams.",,https://www.marketermilk.com/blog/n8n-alternatives,
Battle-tested and reliable for mission-critical workflows.,,https://www.marketermilk.com/blog/n8n-alternatives,
Can get expensive fast if you‚Äôre running multiple Zaps with lots of tasks.,,https://www.marketermilk.com/blog/n8n-alternatives,
The UI feels a little dated and slow compared to newer tools.,,https://www.marketermilk.com/blog/n8n-alternatives,
Doesn‚Äôt natively support complex logic or AI-driven flows (unless you do some heavy workaround stuff).,,https://www.marketermilk.com/blog/n8n-alternatives,
"Sometimes breaks silently, and it‚Äôs not always clear why a Zap didn‚Äôt run.",,https://www.marketermilk.com/blog/n8n-alternatives,
"G2:4.5/5 star rating (from+1,341 reviews)",,https://www.marketermilk.com/blog/n8n-alternatives,https://www.g2.com/products/zapier/reviews
"Capterra:4.7/5 star rating (from+2,984 reviews)",,https://www.marketermilk.com/blog/n8n-alternatives,https://www.capterra.com/p/130182/Zapier/reviews/
Best for:Small startups with small budgets,,https://www.marketermilk.com/blog/n8n-alternatives,
"Pricing:Includes free plan, then starts at $10.59/month",,https://www.marketermilk.com/blog/n8n-alternatives,
The visual editor makes it easy to understand and debug complex workflows.,,https://www.marketermilk.com/blog/n8n-alternatives,
"Supports advanced logic, routers, and multiple branching paths.",,https://www.marketermilk.com/blog/n8n-alternatives,
Cheaper than Zapier for higher task volume.,,https://www.marketermilk.com/blog/n8n-alternatives,
"Great for ops, devs, and technical marketers.",,https://www.marketermilk.com/blog/n8n-alternatives,
Steeper learning curve compared to tools like Zapier or IFTTT.,,https://www.marketermilk.com/blog/n8n-alternatives,
Some parts of the UI feel a little clunky or overwhelming at first.,,https://www.marketermilk.com/blog/n8n-alternatives,
Might be overkill if you just need simple workflow automations.,,https://www.marketermilk.com/blog/n8n-alternatives,
Requires a bit more time and setup to get right.,,https://www.marketermilk.com/blog/n8n-alternatives,
G2:4.7/5 star rating (from+231 reviews),,https://www.marketermilk.com/blog/n8n-alternatives,https://www.g2.com/products/integromat-by-celonis-make/reviews
Capterra:4.8/5 star rating (from+396 reviews),,https://www.marketermilk.com/blog/n8n-alternatives,https://www.capterra.com/p/154278/Integromat/
Best for:Creating ecommerce automations,,https://www.marketermilk.com/blog/n8n-alternatives,
Huge library of 1-click automation templates.,,https://www.marketermilk.com/blog/n8n-alternatives,
Much cheaper than Zapier at higher task volumes.,,https://www.marketermilk.com/blog/n8n-alternatives,
Great for non-technical users or those new to automation.,,https://www.marketermilk.com/blog/n8n-alternatives,
Clean UI and easy setup process.,,https://www.marketermilk.com/blog/n8n-alternatives,
Not as flexible for advanced or multi-step workflows.,,https://www.marketermilk.com/blog/n8n-alternatives,
Limited support for complex conditions or error handling.,,https://www.marketermilk.com/blog/n8n-alternatives,
Smaller integration ecosystem than Zapier or Make.,,https://www.marketermilk.com/blog/n8n-alternatives,
Some automations can feel a bit rigid without much customization.,,https://www.marketermilk.com/blog/n8n-alternatives,
G2:4.7/5 star rating (from+671 reviews),,https://www.marketermilk.com/blog/n8n-alternatives,https://www.g2.com/products/integrately/reviews
Capterra:4.1/5 star rating (from+319 reviews),,https://www.marketermilk.com/blog/n8n-alternatives,https://www.capterra.com/p/128520/Integrate/reviews/
"Stay up to date with the latest marketing news, resources, and guides.Get theweekly newsletterkeeping thousands of marketers in the loop.No spam, unsubscribe any time. By subscribing youagree to ourTerms.Loved by marketers at""My favorite marketing newsletter I‚Äôm subscribed to.‚Äù‚Äî Faith Storey, Growth Manager @ Contrarian Thinking",https://cdn.prod.website-files.com/6243c3bb3b5a1807353d0c7a/6571dce76e136ab0499411b0_webflow.svg,https://www.marketermilk.com/blog/n8n-alternatives,/terms
"Stay up to date with the latest marketing news, resources, and guides.",,https://www.marketermilk.com/blog/n8n-alternatives,
Get theweekly newsletterkeeping thousands of marketers in the loop.,,https://www.marketermilk.com/blog/n8n-alternatives,
"No spam, unsubscribe any time. By subscribing youagree to ourTerms.",,https://www.marketermilk.com/blog/n8n-alternatives,/terms
"Loved by marketers at""My favorite marketing newsletter I‚Äôm subscribed to.‚Äù‚Äî Faith Storey, Growth Manager @ Contrarian Thinking",https://cdn.prod.website-files.com/6243c3bb3b5a1807353d0c7a/6571dce76e136ab0499411b0_webflow.svg,https://www.marketermilk.com/blog/n8n-alternatives,
"‚Äî Faith Storey, Growth Manager @ Contrarian Thinking",,https://www.marketermilk.com/blog/n8n-alternatives,
"Disclosure:Some of the links in this article may be affiliate links, which can provide compensation to Marketer Milk at no cost to you if you decide to purchase a paid plan. This site is not intended to provide financial advice and is for entertainment only. You can read our affiliate disclosure in ourdisclaimers.Hi, I‚Äôm Omid! A marketer, writer, no-code enthusiast, and founder of Marketer Milk! Previously, I worked at a marketing agency in Los Angeles,CA, and later led SEO and content marketing at Webflow in¬†San Francisco, CA. Nice to meet ya!Related articlesStack AI review: My honest thoughts about this AI builderPeec AI review: My honest thoughts about this AI tracker10 best AI monitoring tools for SEO teams in 2025Keep up with marketing trendsGet theweekly newsletterkeeping +25,000 marketers in the loop.Unsubscribe any time, no hard feelings.Loved by marketers at""My favorite marketing newsletter I‚Äôm subscribed to.‚Äù‚Äî Faith Storey, Growth Manager @ Contrarian Thinking",https://cdn.prod.website-files.com/6243c3bb3b5a1852803d0c7f/65584a89d343e063ecb617b8_omid-ghiam.jpeg,https://www.marketermilk.com/blog/n8n-alternatives,https://www.marketermilk.com/disclaimers
"Disclosure:Some of the links in this article may be affiliate links, which can provide compensation to Marketer Milk at no cost to you if you decide to purchase a paid plan. This site is not intended to provide financial advice and is for entertainment only. You can read our affiliate disclosure in ourdisclaimers.",,https://www.marketermilk.com/blog/n8n-alternatives,https://www.marketermilk.com/disclaimers
"Hi, I‚Äôm Omid! A marketer, writer, no-code enthusiast, and founder of Marketer Milk! Previously, I worked at a marketing agency in Los Angeles,CA, and later led SEO and content marketing at Webflow in¬†San Francisco, CA. Nice to meet ya!",https://cdn.prod.website-files.com/6243c3bb3b5a1852803d0c7f/65584a89d343e063ecb617b8_omid-ghiam.jpeg,https://www.marketermilk.com/blog/n8n-alternatives,https://www.linkedin.com/in/omidghiam/
"Hi, I‚Äôm Omid! A marketer, writer, no-code enthusiast, and founder of Marketer Milk! Previously, I worked at a marketing agency in Los Angeles,CA, and later led SEO and content marketing at Webflow in¬†San Francisco, CA. Nice to meet ya!",,https://www.marketermilk.com/blog/n8n-alternatives,
Related articlesStack AI review: My honest thoughts about this AI builderPeec AI review: My honest thoughts about this AI tracker10 best AI monitoring tools for SEO teams in 2025,https://cdn.prod.website-files.com/6243c3bb3b5a1852803d0c7f/6896ad114e5ef61e0d98f736_stack-ai-review.jpg,https://www.marketermilk.com/blog/n8n-alternatives,/blog/stack-ai-review
Related articles,,https://www.marketermilk.com/blog/n8n-alternatives,
Stack AI review: My honest thoughts about this AI builderPeec AI review: My honest thoughts about this AI tracker10 best AI monitoring tools for SEO teams in 2025,https://cdn.prod.website-files.com/6243c3bb3b5a1852803d0c7f/6896ad114e5ef61e0d98f736_stack-ai-review.jpg,https://www.marketermilk.com/blog/n8n-alternatives,/blog/stack-ai-review
Stack AI review: My honest thoughts about this AI builder,https://cdn.prod.website-files.com/6243c3bb3b5a1852803d0c7f/6896ad114e5ef61e0d98f736_stack-ai-review.jpg,https://www.marketermilk.com/blog/n8n-alternatives,/blog/stack-ai-review
Peec AI review: My honest thoughts about this AI tracker,https://cdn.prod.website-files.com/6243c3bb3b5a1852803d0c7f/6893db15a3e6a8c458970314_peec-ai-review.jpg,https://www.marketermilk.com/blog/n8n-alternatives,/blog/peec-ai-review
10 best AI monitoring tools for SEO teams in 2025,https://cdn.prod.website-files.com/6243c3bb3b5a1852803d0c7f/6892b6e4d362dacb8f5d085a_ai-monitoring-tools.jpg,https://www.marketermilk.com/blog/n8n-alternatives,/blog/best-ai-monitoring-tools
"Keep up with marketing trendsGet theweekly newsletterkeeping +25,000 marketers in the loop.Unsubscribe any time, no hard feelings.Loved by marketers at""My favorite marketing newsletter I‚Äôm subscribed to.‚Äù‚Äî Faith Storey, Growth Manager @ Contrarian Thinking",https://cdn.prod.website-files.com/6243c3bb3b5a1807353d0c7a/6571dce76e136ab0499411b0_webflow.svg,https://www.marketermilk.com/blog/n8n-alternatives,
Keep up with marketing trends,,https://www.marketermilk.com/blog/n8n-alternatives,
"Unsubscribe any time, no hard feelings.",,https://www.marketermilk.com/blog/n8n-alternatives,
ResourcesNewsletterSEO agencyBlogFeedTopicsMarketing jobsMarketing courseSubmit a linkTopicsCopywritingContent marketingEmail marketingPaid adsSEOSocial mediaWeb designPopular articlesHow to write SEO blog postsSaas content marketing guideBest marketing booksBest marketing coursesBest website buildersCompanyAboutContactDisclaimersPrivacy policyTerms of useFuel your inner marketer.¬© 2025 Marketer Milk LLC. All rights reserved.,https://cdn.prod.website-files.com/6243c3bb3b5a1807353d0c7a/65734f39252b2dba3ada941d_marketermilk-white.svg,https://www.marketermilk.com/blog/n8n-alternatives,/
ResourcesNewsletterSEO agencyBlogFeedTopicsMarketing jobsMarketing courseSubmit a linkTopicsCopywritingContent marketingEmail marketingPaid adsSEOSocial mediaWeb designPopular articlesHow to write SEO blog postsSaas content marketing guideBest marketing booksBest marketing coursesBest website buildersCompanyAboutContactDisclaimersPrivacy policyTerms of use,https://cdn.prod.website-files.com/6243c3bb3b5a1807353d0c7a/65734f39252b2dba3ada941d_marketermilk-white.svg,https://www.marketermilk.com/blog/n8n-alternatives,/
ResourcesNewsletterSEO agencyBlogFeedTopicsMarketing jobsMarketing courseSubmit a link,,https://www.marketermilk.com/blog/n8n-alternatives,/newsletter
Resources,,https://www.marketermilk.com/blog/n8n-alternatives,
NewsletterSEO agencyBlogFeedTopicsMarketing jobsMarketing courseSubmit a link,,https://www.marketermilk.com/blog/n8n-alternatives,/newsletter
TopicsCopywritingContent marketingEmail marketingPaid adsSEOSocial mediaWeb design,,https://www.marketermilk.com/blog/n8n-alternatives,https://marketermilk.com/topic/copywriting
Topics,,https://www.marketermilk.com/blog/n8n-alternatives,
CopywritingContent marketing,,https://www.marketermilk.com/blog/n8n-alternatives,https://marketermilk.com/topic/copywriting
Email marketing,,https://www.marketermilk.com/blog/n8n-alternatives,https://marketermilk.com/topic/email-marketing
Paid ads,,https://www.marketermilk.com/blog/n8n-alternatives,https://marketermilk.com/topic/paid-ads
Social media,,https://www.marketermilk.com/blog/n8n-alternatives,https://marketermilk.com/topic/social-media
Web design,,https://www.marketermilk.com/blog/n8n-alternatives,https://marketermilk.com/topic/web-design
Popular articlesHow to write SEO blog postsSaas content marketing guideBest marketing booksBest marketing coursesBest website builders,,https://www.marketermilk.com/blog/n8n-alternatives,https://www.marketermilk.com/blog/how-to-write-seo-blog-posts
Popular articles,,https://www.marketermilk.com/blog/n8n-alternatives,
How to write SEO blog posts,,https://www.marketermilk.com/blog/n8n-alternatives,https://www.marketermilk.com/blog/how-to-write-seo-blog-posts
Saas content marketing guide,,https://www.marketermilk.com/blog/n8n-alternatives,https://www.marketermilk.com/blog/saas-content-marketing
Best marketing books,,https://www.marketermilk.com/blog/n8n-alternatives,https://www.marketermilk.com/blog/best-marketing-books
Best marketing courses,,https://www.marketermilk.com/blog/n8n-alternatives,https://www.marketermilk.com/blog/marketing-courses
Best website builders,,https://www.marketermilk.com/blog/n8n-alternatives,https://www.marketermilk.com/blog/best-website-builder-for-small-business
CompanyAboutContactDisclaimersPrivacy policyTerms of use,,https://www.marketermilk.com/blog/n8n-alternatives,/about
Company,,https://www.marketermilk.com/blog/n8n-alternatives,
Contact,,https://www.marketermilk.com/blog/n8n-alternatives,mailto:hi@marketermilk.com
Disclaimers,,https://www.marketermilk.com/blog/n8n-alternatives,/disclaimers
Privacy policy,,https://www.marketermilk.com/blog/n8n-alternatives,/privacy-policy
Terms of use,,https://www.marketermilk.com/blog/n8n-alternatives,/terms
Fuel your inner marketer.¬© 2025 Marketer Milk LLC. All rights reserved.,,https://www.marketermilk.com/blog/n8n-alternatives,
Fuel your inner marketer.,,https://www.marketermilk.com/blog/n8n-alternatives,
¬© 2025 Marketer Milk LLC. All rights reserved.,,https://www.marketermilk.com/blog/n8n-alternatives,
